CustomerKey,GeographyKey,Full Name,BirthDate,Gender,TotalChildren
11000,26,Jon Yang,23-12-1962,M,2
11001,37,Eugene Huang,23-06-1976,M,3
11002,31,Ruben Torres,19-08-1966,M,3
11003,11,Christy Zhu,09-12-1987,F,0
11004,19,Elizabeth Johnson,06-06-1990,F,5
11005,22,Julio Ruiz,13-12-1960,M,0
11006,8,Janet Alvarez,19-02-1981,F,0
11007,40,Marco Mehta,08-01-1982,M,3
11008,32,Rob Verhoff,13-08-1997,F,4
11009,25,Shannon Carlson,24-03-1995,M,0
11010,22,Jacquelyn Suarez,27-04-1985,F,0
11011,22,Curtis Lu,06-07-1969,M,4
11012,611,Lauren Walker,25-02-1995,F,2
11013,543,Ian Jenkins,06-06-1990,M,2
11014,634,Sydney Bennett,21-06-1962,F,3
11015,301,Chloe Young,26-03-1985,F,0
11016,329,Wyatt Hill,02-03-1994,M,0
11017,39,Shannon Wang,12-09-1980,F,4
11018,32,Clarence Rai,26-06-1985,M,2
11019,52,Luke Lal,03-10-1962,M,0
11020,53,Jordan King,13-09-1992,M,0
11021,536,Destiny Wilson,05-01-1977,F,0
11022,609,Ethan Zhang,28-06-1976,M,0
11023,298,Seth Edwards,19-06-1970,M,0
11024,311,Russell Xie,30-08-1999,M,0
11025,24,Alejandro Beck,12-11-1965,M,2
11026,4,Harold Sai,06-02-1998,M,2
11027,40,Jessie Zhao,30-07-1964,M,2
11028,17,Jill Jimenez,13-10-1986,F,2
11029,32,Jimmy Moreno,11-09-1982,M,2
11030,28,Bethany Yuan,03-02-1984,F,2
11031,8,Theresa Ramos,31-03-1983,F,4
11032,35,Denise Stone,09-07-1997,F,4
11033,9,Jaime Nath,29-04-1990,M,4
11034,12,Ebony Gonzalez,24-03-1984,F,4
11035,33,Wendy Dominguez,02-08-1977,F,2
11036,343,Jennifer Russell,05-05-1982,F,0
11037,49,Chloe Garcia,22-12-1994,F,0
11038,6,Diana Hernandez,30-11-1964,F,2
11039,19,Marc Martin,16-10-1977,M,3
11040,642,Jesse Murphy,11-05-1984,M,0
11041,325,Amanda Carter,13-10-1999,F,0
11042,338,Megan Sanchez,12-03-1982,F,0
11043,325,Nathan Simmons,27-02-1965,M,0
11044,25,Adam Flores,01-03-1988,M,2
11045,8,Leonard Nara,20-06-1978,M,3
11046,6,Christine Yuan,30-10-1988,F,3
11047,34,Jaclyn Lu,28-12-1994,F,3
11048,39,Jeremy Powell,09-05-1989,M,3
11049,307,Carol Rai,17-04-1997,F,0
11050,31,Alan Zheng,12-02-1991,M,3
11051,21,Daniel Johnson,25-08-1991,M,3
11052,8,Heidi Lopez,25-02-1982,F,2
11053,359,Ana Price,11-11-1989,F,0
11054,34,Deanna Munoz,22-10-1994,F,2
11055,22,Gilbert Raje,30-05-1979,M,2
11056,10,Michele Nath,07-11-1976,F,3
11057,5,Carl Andersen,19-01-1980,M,2
11058,29,Marc Diaz,01-01-1999,M,2
11059,27,Ashlee Andersen,18-07-1993,F,2
11060,40,Jon Zhou,16-10-1992,M,2
11061,23,Todd Gao,15-04-1998,M,2
11062,547,Noah Powell,06-03-1986,M,0
11063,634,Angela Murphy,19-01-1965,F,0
11064,315,Chase Reed,18-09-1963,M,0
11065,331,Jessica Henderson,12-02-1972,F,0
11066,543,Grace Butler,02-05-1985,F,0
11067,632,Caleb Carter,02-04-1975,M,0
11068,40,Tiffany Liang,17-08-1963,F,2
11069,23,Carolyn Navarro,30-11-1988,F,2
11070,39,Willie Raji,27-08-1987,M,2
11071,24,Linda Serrano,30-10-1986,F,2
11072,17,Casey Luo,21-12-1974,F,2
11073,16,Amy Ye,10-05-1966,F,2
11074,28,Levi Arun,01-01-1962,M,2
11075,32,Felicia Jimenez,21-11-1968,F,2
11076,19,Blake Anderson,15-12-1987,M,2
11077,36,Leah Ye,06-01-1980,F,2
11078,49,Gina Martin,17-09-1968,F,0
11079,34,Donald Gonzalez,05-01-1972,M,0
11080,30,Damien Chander,30-03-1994,M,0
11081,311,Savannah Baker,26-03-1978,F,2
11082,322,Angela Butler,29-09-1976,F,0
11083,336,Alyssa Cox,08-11-1996,F,0
11084,543,Lucas Phillips,23-10-1975,M,2
11085,345,Emily Johnson,01-03-1963,F,2
11086,369,Ryan Brown,26-06-1987,M,2
11087,307,Tamara Liang,21-06-1968,F,3
11088,359,Hunter Davis,08-12-1987,M,2
11089,337,Abigail Price,08-12-1961,F,2
11090,338,Trevor Bryant,13-05-1988,M,2
11091,50,Dalton Perez,21-10-1988,M,2
11092,22,Cheryl Diaz,31-01-1985,F,2
11093,19,Aimee He,03-12-1977,F,0
11094,33,Cedric Ma,09-08-1987,M,1
11095,13,Chad Kumar,29-09-1990,M,1
11096,12,Andrés Anand,03-03-1981,M,1
11097,40,Edwin Nara,18-12-1971,M,1
11098,14,Mallory Rubio,15-02-1983,F,1
11099,13,Adam Ross,05-01-1968,M,1
11100,28,Latasha Navarro,20-06-1994,F,1
11101,33,Abby Sai,06-12-1976,F,0
11102,18,Julia Nelson,09-03-1990,F,5
11103,3,Cassie Chande,28-03-1987,F,0
11104,23,Edgar Sara,03-02-1974,M,0
11105,8,Candace Fernandez,01-08-1962,F,0
11106,40,Jessie Liu,19-02-1970,M,0
11107,17,Bianca Lin,27-03-1975,F,1
11108,13,Kari Alvarez,26-05-1962,F,0
11109,38,Ruben Kapoor,25-12-1997,M,0
11110,3,Curtis Yang,21-06-1990,M,1
11111,34,Meredith Gutierrez,14-03-1975,F,1
11112,25,Crystal Wang,02-05-1975,F,1
11113,30,Micheal Blanco,04-10-1982,M,5
11114,14,Leslie Moreno,18-10-1996,F,5
11115,17,Alvin Cai,22-09-1973,M,5
11116,18,Clinton Carlson,23-01-1983,M,5
11117,8,April Deng,15-02-1982,F,5
11118,6,Alvin Zeng,09-03-1960,M,1
11119,13,Evan James,22-06-1966,M,2
11120,18,Beth Jiménez,08-01-1987,F,2
11121,10,Orlando Suarez,18-11-1963,M,5
11122,12,Byron Vazquez,12-11-1996,M,5
11123,39,Philip Alvarez,29-10-1978,M,5
11124,40,Ross Jordan,29-06-1977,M,1
11125,37,Dana Navarro,29-03-1999,F,1
11126,11,Shaun Carson,27-06-1976,M,2
11127,361,Jan Edwards,21-02-1996,F,0
11128,635,Samantha Long,17-04-1963,F,0
11129,638,Julia Wright,22-01-1991,F,0
11130,543,Caroline Russell,29-04-1984,F,0
11131,50,Amanda Rivera,05-10-1986,F,0
11132,51,Melissa Richardson,30-08-1998,F,0
11133,542,Angela Griffin,03-04-1961,F,0
11134,30,Larry Townsend,13-11-1984,M,5
11135,302,Marcus Harris,05-07-1999,M,0
11136,53,Brianna Morgan,22-05-1960,F,0
11137,641,Jasmine Taylor,30-03-1994,F,0
11138,325,Lauren Davis,01-12-1995,F,0
11139,28,Tanya Moreno,12-09-1977,F,2
11140,301,Javier Alvarez,27-04-1980,M,0
11141,314,Nicole Ramirez,10-02-1965,F,0
11142,51,Eduardo Patterson,04-06-1982,M,0
11143,334,Jonathan Henderson,18-12-1985,M,0
11144,607,Edward Hernandez,18-06-1984,M,0
11145,536,Jasmine Coleman,28-10-1960,F,0
11146,8,Karla Goel,18-09-1996,F,2
11147,40,Ernest Wu,14-01-1975,M,2
11148,22,Ross Vazquez,11-08-1990,M,2
11149,25,Theodore Gill,15-04-1989,M,2
11150,39,Russell Shen,14-05-1975,M,2
11151,18,Melinda Gill,03-01-1973,F,2
11152,633,James Williams,18-09-1984,M,0
11153,635,Angela James,28-02-1971,F,0
11154,553,Megan Walker,06-12-1990,F,0
11155,301,Hunter Robinson,17-05-1986,M,0
11156,334,Maria Roberts,13-10-1994,F,0
11157,642,Hannah Long,22-12-1979,F,0
11158,361,Jason Wright,29-08-1965,M,0
11159,385,Brianna Hughes,16-06-1964,F,0
11160,311,Maurice Tang,12-12-1962,M,0
11161,311,Emily Wood,19-02-1964,F,0
11162,331,Chase Cox,13-01-1986,M,0
11163,372,Gabriel Wang,27-05-1964,M,0
11164,374,Devin Brooks,05-07-1989,M,0
11165,348,Jocelyn Alexander,09-12-1979,F,0
11166,631,Ashley Martinez,01-12-1978,F,0
11167,618,Jasmine Barnes,09-04-1965,F,0
11168,348,David Rodriguez,19-03-1992,M,0
11169,312,Bryce Richardson,04-08-1977,M,4
11170,612,Carol Howard,09-07-1982,F,4
11171,385,Jonathan Hill,03-07-1985,M,1
11172,626,Gabrielle Adams,15-09-1990,F,1
11173,552,Sarah Thomas,04-04-1987,F,0
11174,338,Nicholas Robinson,26-04-1977,M,0
11175,300,Luis Wang,05-02-1970,M,0
11176,50,Mason Roberts,14-03-1978,M,4
11177,359,Jose Flores,06-10-1962,M,2
11178,334,Nathan Johnson,02-10-1969,M,2
11179,300,Molly Rodriguez,11-03-1984,F,2
11180,307,April Anand,09-12-1988,F,1
11181,338,Devin Martin,29-12-1975,M,2
11182,638,Stephanie Torres,31-05-1981,F,4
11183,368,Jasmine Lee,29-09-1966,F,4
11184,311,Meghan Hernandez,22-07-1992,F,4
11185,53,Ashley Henderson,20-01-1981,F,4
11186,352,Sarah Price,12-02-1990,F,4
11187,612,Jennifer Cooper,19-01-1988,F,4
11188,361,Catherine Morris,08-03-1968,F,4
11189,609,Lawrence Blanco,18-04-1965,M,4
11190,300,Carson Bryant,09-09-1981,M,5
11191,310,Kristi Perez,22-02-1969,F,5
11192,637,James Brown,31-03-1981,M,4
11193,553,Ian Gray,20-04-1999,M,4
11194,352,Jacqueline Price,09-09-1988,F,4
11195,635,Megan Henderson,28-04-1984,F,5
11196,536,Alfredo Romero,22-05-1980,M,5
11197,637,Andrea Morris,03-03-1973,F,3
11198,368,Brooke Sanders,25-07-1979,F,4
11199,302,Jacqueline Bennett,07-11-1995,F,4
11200,69,Jason Griffin,04-04-1963,M,4
11201,369,Amanda Foster,30-08-1986,F,4
11202,334,Alexia Price,06-09-1991,F,5
11203,60,Luis Diaz,12-09-1968,M,2
11204,536,Destiny Rivera,24-03-1996,F,2
11205,612,Abby Fernandez,07-09-1986,F,2
11206,626,Blake Flores,18-10-1991,M,2
11207,635,Danielle Cox,09-11-1992,F,2
11208,325,Maria Reed,09-05-1990,F,2
11209,336,Allison Evans,24-03-1984,F,2
11210,383,Edward Wood,02-04-1985,M,4
11211,50,Samantha Russell,20-07-1996,F,2
11212,53,Chloe Campbell,26-10-1997,F,2
11213,614,Stephanie Murphy,25-07-1991,F,2
11214,545,Charles Miller,29-04-1965,M,2
11215,62,Ana Perry,28-11-1966,F,2
11216,547,Jasmine Torres,09-12-1960,F,2
11217,547,Natalie Adams,23-01-1999,F,2
11218,642,Olivia Brown,09-07-1967,F,2
11219,553,Charles Cook,06-04-1974,M,2
11220,310,Erica Huang,27-02-1969,F,2
11221,334,Nathan Perry,15-08-1983,M,4
11222,369,Alexandra Rivera,26-01-1961,F,3
11223,52,Hailey Patterson,25-02-1979,F,2
11224,612,Tiffany Li,17-01-1968,F,2
11225,635,Madison Lee,06-12-1976,F,2
11226,552,Sydney Ross,30-10-1999,F,2
11227,310,Marshall Chavez,27-05-1964,M,2
11228,316,Ashley Jones,29-07-1966,F,2
11229,355,Adrian Stewart,21-08-1978,M,4
11230,369,Amber Turner,17-04-1987,F,4
11231,611,Dennis Zhang,11-12-1995,M,2
11232,616,Hailey Bryant,19-12-1982,F,3
11233,299,Todd Li,29-03-1980,M,4
11234,337,Anna Griffin,26-11-1984,F,4
11235,607,Angel Stewart,07-03-1979,M,4
11236,609,Jeremy Butler,01-01-1973,M,5
11237,161,Clarence Anand,03-09-1991,M,2
11238,232,Mayra Prasad,26-04-1974,F,2
11239,249,Latoya Goel,22-11-1978,F,2
11240,273,Anne Hernandez,29-01-1988,F,2
11241,211,Lisa Cai,21-04-1981,F,2
11242,209,Larry Munoz,05-10-1974,M,2
11243,237,Robin Alvarez,18-12-1980,F,2
11244,267,Alexis Coleman,21-01-1999,F,2
11245,132,Ricky Vazquez,15-11-1968,M,3
11246,147,Latasha Rubio,04-08-1986,F,3
11247,242,Claudia Zhou,09-09-1982,F,3
11248,223,Tristan Alexander,29-05-1976,M,3
11249,178,Cindy Patel,01-11-1970,F,3
11250,276,Shannon Liu,25-01-1973,F,3
11251,50,Xavier Long,19-02-1982,M,4
11252,335,Nicholas Thompson,16-07-1998,M,3
11253,69,José Hernandez,08-12-1985,M,2
11254,612,Johnathan Vance,10-08-1964,M,4
11255,612,Colin Lin,20-02-1999,M,4
11256,626,Katelyn Hernandez,10-02-1971,F,4
11257,345,Jacqueline Powell,23-09-1995,F,1
11258,352,Xavier Hill,14-03-1998,M,1
11259,548,Victoria Stewart,30-11-1973,F,4
11260,302,Katelyn Kelly,05-08-1991,F,2
11261,359,Stephanie Collins,14-06-1988,F,1
11262,60,Jennifer Simmons,07-12-1968,F,4
11263,612,Trinity Richardson,08-09-1990,F,5
11264,618,Eduardo Martin,17-03-1993,M,5
11265,623,Elizabeth Jones,13-11-1966,F,5
11266,632,Taylor Howard,27-01-1987,F,0
11267,302,David Diaz,28-09-1971,M,4
11268,312,Katelyn Carter,05-10-1997,F,2
11269,314,Ryan Foster,15-05-1985,M,2
11270,334,Robert Lee,24-07-1997,M,2
11271,360,Danielle Reed,30-04-1980,F,2
11272,300,Lauren Martinez,27-08-1988,F,4
11273,331,Nathan Lal,16-10-1962,M,2
11274,609,Kyle Foster,06-01-1996,M,2
11275,310,Jenny Rai,28-12-1993,F,4
11276,49,Nancy Chapman,28-12-1987,F,4
11277,62,Charles Jackson,23-02-1999,M,4
11278,614,Jonathan Phillips,08-01-1998,M,0
11279,616,Amanda Cook,16-08-1997,F,0
11280,626,Robert Collins,16-04-1974,M,0
11281,301,Megan Barnes,30-12-1983,F,4
11282,612,Christian Thomas,24-03-1992,M,5
11283,299,Arturo Lal,23-11-1982,M,1
11284,307,Theresa Serrano,06-07-1973,F,1
11285,322,Jeremy Anderson,18-08-1976,M,1
11286,374,Hunter Griffin,17-01-1978,M,0
11287,49,Henry Garcia,12-12-1998,M,5
11288,301,Cindy Sanchez,11-09-1988,F,1
11289,315,Maria Carter,06-01-1989,F,1
11290,334,Katelyn Sanchez,02-01-1985,F,1
11291,335,Jenna Wright,16-12-1978,F,1
11292,361,Seth Phillips,06-05-1984,M,1
11293,632,Luke Long,11-05-1978,M,2
11294,618,Dalton Clark,29-09-1983,M,2
11295,311,Taylor Lewis,21-10-1969,F,2
11296,616,Haley Richardson,13-02-1999,F,2
11297,301,Noah Coleman,14-07-1991,M,4
11298,307,Jon Luo,29-08-1970,M,4
11299,301,Orlando Vazquez,10-06-1992,M,4
11300,54,Fernando Barnes,10-05-1988,M,5
11301,607,Cameron Rodriguez,26-08-1970,M,5
11302,539,Spencer Russell,12-01-1997,M,4
11303,614,Julia Coleman,19-01-1994,F,4
11304,547,Julia Garcia,27-12-1988,F,0
11305,307,Sean Evans,08-02-1961,M,3
11306,312,Micah Zhou,12-09-1966,M,3
11307,314,Hunter Rodriguez,20-06-1971,M,2
11308,546,Ian Gonzales,09-11-1967,M,2
11309,536,Victoria Lewis,01-04-1993,F,2
11310,360,Erin Sanders,17-07-1982,F,3
11311,626,Gabrielle Lopez,12-10-1961,F,3
11312,626,Sara Richardson,03-04-1979,F,3
11313,632,Trevor Jenkins,27-07-1998,M,3
11314,618,Mya Flores,11-02-1973,F,3
11315,632,Hailey Ward,21-09-1979,F,3
11316,51,Luke Allen,12-04-1985,M,3
11317,548,Victoria Russell,25-03-1982,F,3
11318,614,Jessica Wilson,17-10-1997,F,3
11319,348,Jade Bailey,04-01-1990,F,4
11320,325,Morgan Hill,17-10-1964,F,4
11321,612,Terrance Raman,05-10-1994,M,5
11322,611,Sydney Garcia,06-05-1970,F,5
11323,314,Jose Patterson,29-08-1967,M,2
11324,325,Zachary Anderson,03-02-1981,M,5
11325,637,Elijah Ross,07-03-1973,M,5
11326,300,Rafael Xie,16-03-1984,M,2
11327,301,Jaime Moreno,15-03-1963,M,5
11328,55,Julian Griffin,13-03-1975,M,5
11329,311,Andy Alvarez,25-03-1965,M,5
11330,59,Ryan Thompson,24-04-1999,M,2
11331,63,Samantha Jenkins,23-04-1999,F,4
11332,153,Deanna Ramos,19-11-1962,F,1
11333,261,Emily Miller,03-07-1982,F,1
11334,269,Nicole Brown,02-03-1965,F,1
11335,120,Carla Raman,13-04-1974,F,1
11336,204,Shaun Raji,20-01-1968,M,1
11337,273,Jerome Romero,05-09-1995,M,1
11338,154,Frank Navarro,04-06-1960,M,1
11339,202,Dennis She,02-05-1961,M,1
11340,192,Melody Munoz,13-09-1961,F,1
11341,236,Randy Zeng,10-01-1983,M,1
11342,191,Marshall Wang,21-01-1996,M,5
11343,264,Arthur Carlson,01-10-1978,M,1
11344,262,Jessie Jimenez,29-05-1992,F,1
11345,224,Robin Ramos,30-11-1970,F,1
11346,196,Deanna Gutierrez,03-09-1976,F,2
11347,156,Roy Navarro,24-03-1971,M,2
11348,151,Shawn Rai,25-07-1973,M,2
11349,134,Mindy Luo,16-05-1995,F,2
11350,265,Cara Zhou,06-07-1993,F,1
11351,253,Anne Ramos,28-08-1970,F,1
11352,222,Raymond Rodriguez,14-12-1968,M,2
11353,271,Carrie Ortega,30-11-1990,F,1
11354,119,Deanna Suarez,16-07-1997,F,1
11355,275,Roberto Gutierrez,28-11-1960,M,1
11356,6,Terrence Carson,26-05-1980,M,0
11357,21,Ramon Ye,30-11-1960,M,0
11358,2,Cynthia Malhotra,31-05-1982,F,0
11359,7,Jarrod Prasad,30-12-1993,M,0
11360,26,Tyrone Serrano,08-05-1983,M,0
11361,10,Cindy Ramos,13-03-1966,F,0
11362,33,Damien Shan,26-06-1963,M,0
11363,35,Julian Ross,16-08-1973,M,0
11364,34,Jennifer Collins,20-08-1982,F,1
11365,29,Brittney Sun,12-12-1998,F,1
11366,37,Virginia Patel,11-12-1981,F,0
11367,12,Calvin Nara,18-04-1988,M,0
11368,26,Edward Miller,04-02-1961,M,1
11369,29,Ashlee Tang,22-07-1994,F,0
11370,38,Alicia Xu,12-01-1995,F,0
11371,26,Lacey Jai,22-03-1989,F,0
11372,20,Wendy Romero,17-03-1998,F,0
11373,135,Carly Luo,22-12-1967,F,1
11374,162,Jimmy Ortega,23-04-1986,M,1
11375,240,Francisco Martinez,21-07-1963,M,1
11376,268,Lance Vazquez,07-01-1998,M,1
11377,161,David Robinett,12-09-1998,M,4
11378,184,Shannon Liang,13-11-1981,F,1
11379,214,Gary Vazquez,24-08-1997,M,1
11380,175,Mitchell Kumar,10-04-1974,M,2
11381,249,Meredith Raman,08-08-1997,F,2
11382,189,Edward Patterson,22-03-1971,M,2
11383,206,Marie Gill,03-07-1995,F,3
11384,211,Tiffany Wang,05-03-1999,F,3
11385,279,Miguel Allen,22-05-1978,M,3
11386,127,Jaclyn Cai,25-11-1975,F,3
11387,238,Megan Ramirez,24-07-1996,F,3
11388,279,Joseph Martin,06-04-1974,M,3
11389,130,Karl Shan,23-08-1976,M,1
11390,208,Christine Raji,02-07-1980,F,1
11391,135,Lindsay Xie,28-01-1996,F,2
11392,131,Willie Zhao,05-05-1998,M,2
11393,182,Kurt Pal,02-08-1997,M,2
11394,259,George McDonald,04-01-1991,M,2
11395,118,Beth Gutierrez,16-10-1993,F,0
11396,175,Ian Lopez,23-11-1997,M,2
11397,197,Latoya Shan,20-09-1976,F,0
11398,261,Colin Nath,02-08-1960,M,0
11399,202,Brenda Mehta,28-08-1984,F,1
11400,251,Franklin Raji,19-07-1967,M,0
11401,204,Linda Navarro,07-06-1968,F,0
11402,183,Kelli Cai,16-04-1962,F,0
11403,179,Nancy Schmidt,05-05-1980,F,0
11404,133,Megan Taylor,05-03-1995,F,3
11405,143,Bonnie Goel,03-08-1998,F,3
11406,199,Latoya Xu,05-05-1991,F,2
11407,170,Mario She,27-10-1993,M,2
11408,257,Darren Gill,29-04-1970,M,2
11409,208,Jacqueline Hayes,23-05-1968,F,2
11410,201,Maurice Goel,13-04-1967,M,1
11411,121,Devin Ross,20-11-1995,M,3
11412,121,Sydney Bryant,10-07-1993,F,4
11413,238,Megan Stewart,21-10-1962,F,4
11414,241,Ian Richardson,28-06-1971,M,4
11415,127,Randy She,29-11-1962,M,5
11416,185,Katrina Becker,03-10-1980,F,3
11417,222,Lacey Zheng,15-07-1989,F,5
11418,160,Rafael Hu,23-05-1993,M,5
11419,273,Kyle Scott,21-09-1975,M,3
11420,189,Jordan Turner,05-03-1962,M,2
11421,172,Amy Sun,20-08-1981,F,3
11422,268,Dustin Deng,24-08-1967,M,4
11423,147,Jasmine Stewart,03-02-1967,F,4
11424,164,Pamela Garcia,16-10-1967,F,4
11425,184,Ariana Gray,22-02-1988,F,4
11426,156,Kristopher Mehta,13-01-1969,M,3
11427,168,Desiree Dominguez,23-05-1972,F,2
11428,173,Deanna Perez,04-11-1994,F,2
11429,218,Marco Lopez,25-04-1993,M,4
11430,155,Casey Yuan,22-08-1976,F,4
11431,120,Bryant Garcia,28-06-1968,M,4
11432,206,Dominique Prasad,19-07-1964,F,4
11433,224,Maurice Shan,27-04-1996,M,5
11434,274,Andre Lopez,08-08-1980,M,5
11435,168,Robin Romero,18-06-1961,F,3
11436,273,Taylor Cox,03-05-1970,F,3
11437,190,Alfredo Moreno,22-09-1965,M,4
11438,162,Jenny Nara,13-04-1999,F,4
11439,217,Janet Munoz,30-01-1975,F,4
11440,187,Sergio Weber,21-11-1979,M,5
11441,192,Erika Gomez,12-09-1977,F,5
11442,224,Joseph Harris,03-12-1976,M,5
11443,31,Grace Griffin,27-06-1994,F,0
11444,32,Tina Mehta,17-02-1999,F,0
11445,15,Kari Kim,06-03-1961,F,0
11446,5,Bethany Chander,11-02-1965,F,0
11447,25,Jennifer Roberts,23-03-1973,F,0
11448,35,Kyle Patterson,28-05-1979,M,0
11449,37,Alvin Hu,18-06-1966,M,0
11450,28,Brett Mehta,27-06-1974,M,4
11451,10,Ruben Muñoz,19-04-1965,M,0
11452,21,Erika Rubio,13-10-1960,F,0
11453,31,Stanley Malhotra,08-12-1972,M,0
11454,35,Melinda Navarro,15-08-1965,F,0
11455,36,Ross Sanz,08-02-1981,M,0
11456,17,Jon Gao,21-07-1981,M,5
11457,19,Jaime Gutierrez,09-02-1979,F,0
11458,16,Bianca Liu,07-10-1977,F,0
11459,13,Tasha Deng,18-03-1981,F,0
11460,33,Melvin Chande,10-02-1989,M,0
11461,6,Victor Jimenez,19-03-1975,M,0
11462,8,Laura Lin,22-08-1990,F,0
11463,28,Alisha Beck,19-12-1989,F,0
11464,38,Alejandro Huang,31-10-1978,M,0
11465,23,Louis Luo,24-11-1976,M,0
11466,6,Grant Tang,08-07-1999,M,0
11467,17,Arturo Zheng,09-02-1988,M,1
11468,278,Jaclyn Andersen,21-02-1978,F,1
11469,278,Edwin Raji,08-11-1986,M,0
11470,177,Jay Suarez,19-04-1968,M,0
11471,207,Latasha Suarez,24-06-1960,F,0
11472,24,Kenneth Kumar,30-05-1965,M,3
11473,221,Grace Henderson,20-12-1988,F,0
11474,265,Melvin Xu,30-12-1996,M,0
11475,251,Cesar Subram,28-03-1991,M,0
11476,241,Erika Navarro,29-07-1964,F,1
11477,127,Tristan Hughes,17-11-1990,M,0
11478,218,Billy Hernandez,22-06-1972,M,0
11479,182,Darryl Wu,16-07-1979,M,1
11480,224,Colleen Ma,12-12-1971,F,1
11481,156,Erica Hu,26-05-1960,F,1
11482,272,Adrienne Torres,26-09-1979,F,0
11483,199,Calvin Chande,14-10-1962,M,1
11484,171,Erick Sai,13-05-1967,M,2
11485,237,Donald Chandra,21-12-1983,M,2
11486,117,Ariana Rogers,23-01-1969,F,0
11487,186,Morgan Jones,24-07-1981,F,0
11488,256,Jermaine Lopez,20-08-1990,M,0
11489,262,Deborah Goel,01-09-1965,F,0
11490,217,Danny Rubio,15-03-1978,M,0
11491,255,Andre Perez,22-03-1985,M,0
11492,115,Terrence Chander,25-11-1962,M,0
11493,255,Dawn Wu,14-02-1966,F,2
11494,267,Jimmy Gutierrez,17-07-1992,M,2
11495,154,Francis Jimenez,19-02-1981,M,2
11496,272,Gary Ortega,12-04-1994,M,2
11497,261,Katrina Nath,26-03-1978,F,2
11498,49,Arturo Sun,04-11-1964,M,3
11499,311,Pedro Vance,05-11-1960,M,3
11500,52,Sarah Simmons,17-01-1991,F,0
11501,49,Brandy Chandra,03-11-1972,F,3
11502,63,Jared Peterson,03-08-1971,M,4
11503,312,Dennis Wu,15-09-1971,M,1
11504,315,Jordan Baker,03-09-1974,F,1
11505,43,Jasmine Powell,27-11-1964,F,0
11506,60,Nicholas Brown,23-04-1980,M,0
11507,69,Isabella Russell,17-04-1980,F,0
11508,626,Elizabeth Wilson,17-09-1965,F,0
11509,347,Roger Harui,04-03-1976,F,1
11510,54,Seth Roberts,13-10-1977,M,1
11511,543,Caleb Perry,26-05-1968,M,1
11512,59,Natalie Campbell,24-05-1971,F,3
11513,62,Alyssa Howard,19-11-1974,F,3
11514,642,Dalton Diaz,28-03-1986,M,1
11515,301,Shannon Huang,13-01-1989,F,1
11516,310,Mya Gonzales,05-05-1988,F,1
11517,355,Katherine Bryant,21-12-1962,F,1
11518,545,Edward Washington,13-08-1994,M,1
11519,49,Jerome Navarro,10-09-1975,M,1
11520,60,Jada Morgan,24-04-1969,F,1
11521,644,Ariana Peterson,19-05-1961,F,1
11522,546,Christian Hughes,10-10-1971,M,5
11523,54,Lucas Taylor,16-06-1996,M,1
11524,374,Alyssa Jackson,04-05-1962,F,1
11525,543,Ariana Cook,08-10-1964,F,1
11526,70,Katherine Diaz,15-08-1988,F,1
11527,361,Jenna Green,08-12-1966,F,1
11528,325,Joan Washington,04-06-1968,F,1
11529,547,Austin Bryant,22-11-1970,M,1
11530,54,Andrew Martinez,23-12-1978,M,1
11531,300,Nina Yuan,22-12-1964,F,1
11532,634,Lauren Miller,30-04-1976,F,1
11533,280,Ebony Gill,24-04-1966,F,1
11534,337,Cameron Lewis,31-05-1989,M,4
11535,543,Devin Nelson,30-11-1969,M,4
11536,322,Logan Chow,04-04-1982,M,4
11537,310,Dakota Ross,10-08-1994,M,4
11538,352,Nicole Taylor,23-05-1965,F,4
11539,311,Justin Washington,09-07-1984,M,4
11540,312,Alberto Navarro,15-09-1992,M,4
11541,547,Aidan Ross,05-03-1961,M,4
11542,278,Alejandro Tang,06-04-1985,M,1
11543,201,Sheena Chande,14-05-1978,F,1
11544,127,Joel Garcia,09-11-1978,M,1
11545,200,Reginald Dominguez,21-07-1990,M,1
11546,189,Christine Chande,26-01-1972,F,1
11547,201,Cindy Sai,11-02-1977,F,0
11548,230,Raymond Sanchez,12-07-1983,M,0
11549,257,Crystal Liang,23-05-1961,F,0
11550,263,Deb Torres,08-06-1994,F,0
11551,215,Shannon Alvarez,07-09-1962,M,3
11552,135,Eddie Rubio,31-08-1974,M,1
11553,266,Sharon Luo,20-05-1961,F,1
11554,224,Sydney Simmons,13-09-1991,F,4
11555,237,Alexandria Henderson,07-12-1994,F,1
11556,271,Lucas Evans,13-08-1993,M,1
11557,278,Felicia Ramos,13-10-1968,F,1
11558,276,Ivan Malhotra,25-11-1992,M,1
11559,161,Frederick Subram,14-04-1967,M,1
11560,248,Whitney Srini,23-09-1966,F,1
11561,159,Briana Dominguez,09-12-1994,F,5
11562,158,Jarrod Gonzalez,17-01-1987,M,1
11563,247,Cesar Srini,16-09-1994,M,1
11564,146,Jorge Liang,10-08-1960,M,1
11565,229,Erik Diaz,05-06-1973,M,2
11566,226,April Shan,27-06-1967,F,0
11567,165,Carla Perez,11-05-1969,F,0
11568,236,Alexia Foster,31-05-1960,F,2
11569,274,Troy Malhotra,20-06-1963,M,1
11570,124,Kristin Andersen,13-03-1979,F,1
11571,183,Joel Sai,21-06-1988,M,1
11572,186,Billy Moreno,30-03-1969,M,1
11573,276,Meagan Subram,24-09-1970,F,2
11574,274,Karla Luo,21-04-1976,F,2
11575,243,Jackson Campbell,08-04-1999,M,2
11576,185,Micah Zhu,28-06-1970,M,1
11577,194,Janet Serrano,05-06-1970,F,1
11578,222,Trisha Huang,26-11-1962,F,3
11579,272,Clayton Beck,29-09-1987,M,3
11580,230,Melvin Raje,09-09-1966,M,1
11581,193,Cindy Jordan,19-10-1969,F,0
11582,222,Claudia Ma,14-12-1996,F,2
11583,207,Karla Xu,25-06-1987,F,2
11584,171,Devin Carter,30-07-1983,M,1
11585,231,Kari Perez,03-01-1993,F,1
11586,278,Alberto Romero,29-06-1973,M,1
11587,184,Kevin Bryant,22-11-1973,M,2
11588,223,Candace Mehta,20-03-1969,F,2
11589,257,Ebony Malhotra,06-08-1964,F,1
11590,221,Erika Diaz,30-09-1983,F,2
11591,209,Stacey Lu,05-11-1963,F,3
11592,198,Darrell Raji,20-09-1974,M,0
11593,183,Armando Moreno,18-11-1978,M,0
11594,213,Corey Goel,28-12-1990,M,4
11595,117,Sebastian Howard,15-02-1967,M,5
11596,267,Roger Raje,14-06-1963,M,1
11597,225,Janelle Chandra,23-02-1998,F,3
11598,174,Meredith Ruiz,14-04-1975,F,3
11599,211,Melody Diaz,20-02-1965,F,0
11600,218,Linda Rubio,08-08-1994,F,0
11601,209,Ivan Raman,24-02-1965,M,0
11602,135,Larry Gill,14-10-1983,M,0
11603,244,Geoffrey Gonzalez,04-02-1986,M,0
11604,275,Edgar Sanchez,15-04-1986,M,0
11605,176,Heidi Subram,26-05-1998,F,0
11606,212,Melody Ramos,10-09-1966,F,0
11607,202,Clinton Moreno,22-04-1978,M,0
11608,217,Cesar Madan,22-06-1961,M,0
11609,277,Eugene Ye,17-01-1962,M,0
11610,269,Blake Collins,20-01-1988,M,0
11611,183,Ernest Lin,12-07-1998,M,0
11612,230,Keith Andersen,13-06-1987,M,0
11613,158,Meredith Prasad,20-06-1990,F,0
11614,172,Katrina Sharma,27-03-1966,F,0
11615,242,Dwayne Navarro,19-10-1993,M,1
11616,260,Casey Nath,03-12-1966,F,1
11617,326,Sean Brooks,29-12-1995,M,4
11618,49,Brian Ramirez,11-02-1988,M,4
11619,69,Sierra Young,12-04-1987,F,0
11620,609,Megan Rodriguez,16-02-1966,F,0
11621,611,Leah She,26-07-1988,F,0
11622,623,Gabriel Allen,15-05-1984,M,0
11623,322,Angela Perry,04-10-1960,F,1
11624,339,Ryan Smith,12-08-1979,M,1
11625,352,Zachary Moore,03-09-1975,M,1
11626,360,Destiny Rogers,23-11-1989,F,1
11627,372,Dalton Gray,16-10-1992,M,1
11628,298,Mariah Wood,30-05-1963,F,1
11629,345,Isaiah Wright,05-07-1992,M,4
11630,637,Haley Powell,06-05-1980,F,1
11631,52,Antonio Bennett,29-10-1984,M,1
11632,51,Alexandra Jenkins,09-11-1963,F,1
11633,612,Thomas Anderson,08-03-1991,M,1
11634,633,Samuel Collins,02-06-1975,M,1
11635,300,Darrell Chande,21-12-1983,M,1
11636,314,Kimberly Cox,14-09-1994,F,1
11637,338,Morgan Hernandez,01-02-1992,F,1
11638,339,Antonio Powell,09-04-1963,M,1
11639,339,Angelica Perry,15-02-1977,F,1
11640,51,Chloe Wilson,17-02-1971,F,1
11641,49,James Chen,30-07-1962,M,1
11642,59,Morgan Hughes,05-06-1961,F,1
11643,612,Naomi Munoz,14-03-1981,F,1
11644,634,Charles Torres,08-12-1981,M,2
11645,548,Gabriella Turner,27-02-1974,F,2
11646,612,Anna Foster,11-08-1967,F,2
11647,49,Randy Wu,11-09-1974,M,2
11648,307,Kevin Scott,06-04-1995,M,1
11649,345,Ian White,26-02-1963,M,1
11650,325,Caleb Hayes,10-03-1977,M,1
11651,49,Patricia Garcia,24-03-1975,F,1
11652,68,Samuel Russell,05-08-1988,M,1
11653,543,Sydney Peterson,14-06-1981,F,1
11654,298,Ariana Sanchez,31-10-1989,F,1
11655,311,Tamara Sharma,16-11-1973,F,2
11656,329,Katelyn Perez,10-10-1997,F,3
11657,347,Megan Cox,01-11-1968,F,3
11658,348,Robert Mitchell,13-01-1993,M,1
11659,66,Miguel Adams,07-10-1980,M,1
11660,60,Miranda Gonzales,04-12-1967,F,1
11661,49,Jeremiah James,04-07-1981,M,1
11662,545,Ethan Kumar,15-12-1998,M,2
11663,644,Seth Williams,09-10-1961,M,4
11664,302,Alyssa Morgan,29-03-1985,F,4
11665,307,Janet Dominguez,23-09-1974,F,4
11666,374,Angel Baker,10-07-1961,M,2
11667,644,Blake Moore,29-06-1970,M,2
11668,300,Jada Collins,18-01-1991,F,2
11669,642,Isabella Simmons,28-09-1963,F,2
11670,326,Jacqueline Perry,19-01-1964,F,2
11671,316,Jessica Brown,28-01-1974,F,3
11672,300,Chad Jai,20-12-1989,M,3
11673,612,Susan Ye,04-07-1978,F,3
11674,385,Morgan Rogers,18-03-1961,F,0
11675,616,Devin Martinez,06-02-1994,M,4
11676,475,Alan Hu,14-09-1987,M,0
11677,50,Charles Walker,19-05-1980,M,2
11678,654,Johnny Chavez,09-11-1987,M,5
11679,633,Dalton Richardson,11-12-1980,M,5
11680,634,Kaylee Nelson,19-02-1967,F,5
11681,641,Abigail Jones,15-12-1972,F,5
11682,642,Kaitlyn Hall,19-05-1964,F,5
11683,316,Greg Taylor,05-02-1979,M,2
11684,634,Devin Parker,08-03-1988,M,0
11685,545,Jose Griffin,12-07-1972,M,0
11686,325,Luke Edwards,31-05-1968,M,0
11687,331,Cody Torres,08-06-1964,M,0
11688,638,Victoria Morris,10-08-1985,F,3
11689,614,Ian Diaz,22-12-1993,M,3
11690,632,Caroline Butler,14-02-1966,F,0
11691,329,Kaitlyn Wilson,05-03-1968,F,0
11692,301,Caleb Gonzales,08-07-1982,M,0
11693,50,Hailey Diaz,25-04-1994,F,4
11694,310,Jonathon Ortega,27-12-1967,M,4
11695,300,Logan Campbell,03-11-1974,M,5
11696,642,Mackenzie Campbell,05-04-1960,F,5
11697,348,Eduardo Lee,01-07-1987,M,4
11698,53,Jackson Wright,21-03-1997,M,4
11699,644,Chase Peterson,23-08-1961,M,4
11700,385,Xavier Richardson,08-07-1987,M,4
11701,347,David Hayes,05-12-1988,M,4
11702,302,Jenny Zhou,08-10-1999,F,4
11703,331,Kaylee Baker,29-12-1965,F,0
11704,368,Evan Hernandez,14-06-1970,M,0
11705,385,Brooke Richardson,10-06-1977,F,2
11706,302,Blake Perez,30-11-1995,M,4
11707,385,Natalie Cook,11-11-1963,F,4
11708,336,Elizabeth Weisman,31-10-1984,F,4
11709,69,Hailey Collins,25-10-1963,F,3
11710,331,Zoe Ramirez,06-05-1988,F,3
11711,54,Daniel Davis,13-05-1985,M,1
11712,50,Shelby Rogers,04-09-1990,F,1
11713,623,Kyle Zhang,18-05-1967,M,1
11714,359,Alexandria Long,22-07-1974,F,1
11715,361,Chloe Robinson,27-08-1975,F,1
11716,314,Evan Kelly,25-12-1990,M,4
11717,539,Marcus Jones,28-06-1961,M,1
11718,546,Sarah Jones,07-03-1966,F,1
11719,49,Blake Green,15-02-1965,M,4
11720,359,Morgan Morris,20-06-1968,F,4
11721,336,Jennifer Alexander,03-04-1998,F,4
11722,609,Julian Hughes,06-04-1987,M,1
11723,64,Luke Coleman,03-04-1987,M,0
11724,65,Jason Carter,30-12-1984,M,0
11725,612,Jose Li,08-12-1992,M,0
11726,612,Micah Liang,22-03-1964,M,0
11727,343,Benjamin Taylor,19-09-1969,M,0
11728,553,Logan White,03-03-1994,M,1
11729,623,Caleb Campbell,03-11-1991,M,1
11730,634,Emma Torres,23-05-1980,F,1
11731,302,Tanya Gill,13-06-1991,F,1
11732,525,Erick Sanchez,04-05-1997,M,1
11733,311,Kristi Schmidt,18-10-1999,F,1
11734,312,Omar Chen,28-12-1976,M,1
11735,626,Sydney Gray,20-09-1975,F,1
11736,322,Sebastian Sanchez,15-09-1962,M,1
11737,355,Megan Martin,19-09-1969,F,4
11738,59,Elijah Alexander,07-05-1995,M,4
11739,65,Aaron King,05-04-1995,M,2
11740,68,Jan Hall,15-09-1970,F,5
11741,307,Tamara Chander,17-07-1965,F,4
11742,355,Edward Lewis,15-03-1985,M,3
11743,372,Chase Kelly,13-11-1963,M,1
11744,372,Stephanie Campbell,17-04-1995,F,1
11745,644,Allison Gonzalez,16-02-1991,F,1
11746,642,Seth Brooks,01-05-1974,M,1
11747,614,Destiny Davis,24-11-1994,F,5
11748,69,Blake Hill,25-07-1987,M,5
11749,2,Eduardo Jackson,01-02-1971,M,4
11750,10,Latoya She,29-09-1977,F,2
11751,36,Victoria Gonzales,31-07-1999,F,4
11752,4,Lauren Bryant,25-01-1997,F,4
11753,2,Felicia Ortega,06-08-1990,F,4
11754,7,Janet Ortega,09-04-1971,F,2
11755,25,Willie Pal,14-02-1972,M,2
11756,17,Linda Ortega,19-07-1969,F,2
11757,33,Vincent Cai,22-09-1963,M,5
11758,3,Colin Yuan,16-05-1966,M,5
11759,28,Dawn Nath,04-05-1988,F,1
11760,29,Melody Moreno,01-09-1970,F,5
11761,31,Edgar Mehta,25-07-1965,M,5
11762,19,Randall Gomez,01-08-1989,M,5
11763,16,Ross Fernandez,16-10-1991,M,5
11764,10,Jessie Ramos,17-05-1970,F,5
11765,11,Marc Torres,19-07-1972,M,5
11766,38,Candace Raman,29-07-1975,F,0
11767,24,Meagan Madan,22-05-1991,F,0
11768,30,Clayton Nara,02-02-1967,M,2
11769,55,Haley Hernandez,12-01-1967,F,0
11770,607,Peter Nara,25-12-1999,M,0
11771,627,Isaac Rivera,11-05-1988,M,0
11772,642,Cameron Moore,28-04-1984,M,1
11773,316,Gavin Diaz,17-12-1983,M,1
11774,343,Emma Sanchez,12-11-1961,F,1
11775,352,Sierra Roberts,23-12-1966,F,1
11776,368,Seth Mitchell,03-10-1969,M,1
11777,302,Miranda Long,30-04-1961,F,1
11778,638,Haley Henderson,12-11-1988,F,1
11779,553,Sarah Jackson,31-08-1989,F,1
11780,614,Jessica Alexander,01-12-1997,F,1
11781,314,Carlos Gray,31-01-1985,M,1
11782,301,Barbara Jai,05-06-1972,F,1
11783,359,Sara Mitchell,27-09-1986,F,1
11784,53,Jose Turner,26-12-1990,M,1
11785,607,Theodore Diaz,08-11-1995,M,1
11786,634,Ian Murphy,09-06-1991,M,1
11787,301,Jerry Nath,12-08-1985,M,1
11788,338,Destiny James,20-02-1964,F,1
11789,343,Bailey Phillips,16-10-1973,F,1
11790,307,Timothy Gonzalez,26-01-1985,M,1
11791,641,Chase Morgan,02-05-1983,M,1
11792,310,Alexia Perry,23-01-1967,F,1
11793,301,Xavier Rogers,24-05-1980,M,1
11794,334,Lauren Ross,13-12-1972,F,2
11795,315,Nicole Thomas,04-05-1999,F,2
11796,315,Isabel Jenkins,25-01-1986,F,2
11797,348,Devin Coleman,17-04-1994,M,2
11798,611,Brendan Chande,12-04-1979,M,2
11799,612,Jessie Wang,03-11-1980,M,2
11800,536,Jennifer Baker,29-12-1974,F,1
11801,536,Aaron Sharma,21-02-1973,M,1
11802,59,Madison Taylor,01-10-1985,F,1
11803,631,Jan Hernandez,03-04-1985,F,1
11804,634,Haley Turner,20-02-1967,F,1
11805,300,Richard Green,31-01-1979,M,2
11806,302,Jennifer Stewart,25-11-1975,F,2
11807,343,Lucas Baker,03-01-1973,M,3
11808,54,James Parker,16-08-1999,M,1
11809,300,Juan Gray,28-07-1975,M,2
11810,611,Antonio Washington,15-04-1991,M,0
11811,310,Abigail Brooks,04-12-1992,F,0
11812,644,Andrew Rodriguez,27-10-1997,M,0
11813,552,Mary Patterson,17-09-1962,F,0
11814,542,Dalton Morgan,28-04-1981,M,2
11815,642,Hannah Patterson,04-04-1973,F,3
11816,300,Joe Torres,14-10-1988,M,4
11817,310,Morgan Miller,24-10-1980,F,4
11818,312,Daniel Garcia,28-06-1982,M,4
11819,616,Jose Lal,02-03-1960,M,2
11820,69,Katelyn Lopez,03-08-1988,F,0
11821,300,Austin Johnson,22-05-1972,M,0
11822,336,Rohinton Wadia,30-09-1966,F,0
11823,53,Morgan Turner,01-09-1972,F,0
11824,55,Jill Martin,25-01-1997,F,4
11825,298,Aimee She,14-03-1990,F,5
11826,300,Jessie Alonso,13-02-1998,F,5
11827,55,Sara Baker,11-07-1998,F,2
11828,545,Katherine Martinez,28-12-1983,F,5
11829,637,Sophia Campbell,02-03-1971,F,5
11830,336,Taylor Garcia,17-09-1999,F,3
11831,358,Christian Ross,12-09-1967,M,3
11832,644,Zoe Murphy,18-03-1976,F,0
11833,59,Oscar Price,17-11-1969,M,3
11834,339,Fernando Flores,19-11-1991,M,3
11835,53,Elijah Russell,31-01-1996,M,3
11836,616,Garrett Travers,17-07-1968,M,3
11837,360,Haley Alexander,31-05-1984,F,3
11838,536,Justin Rodriguez,29-10-1972,M,3
11839,369,Tyler Brown,27-07-1962,M,0
11840,336,Julian Patterson,19-06-1985,M,0
11841,52,Sean Nelson,26-02-1988,M,0
11842,631,Justin Wilson,27-02-1991,M,4
11843,536,Christy Nara,03-09-1961,F,4
11844,307,Michele Alvarez,15-03-1993,F,4
11845,63,Natalie Jones,14-05-1964,F,2
11846,337,Savannah Reed,23-10-1982,F,4
11847,547,Cassidy Diaz,10-06-1983,F,4
11848,648,Joshua Lewis,26-06-1985,M,4
11849,331,Faith Reed,21-08-1987,F,4
11850,347,Brooke Ramirez,26-03-1994,F,4
11851,311,Jada Mitchell,04-01-1968,F,4
11852,334,Kyle Russell,22-12-1989,M,4
11853,311,Grace Jones,04-04-1975,F,0
11854,383,Jason Mitchell,01-11-1986,M,2
11855,302,Christian Walker,09-06-1975,M,4
11856,539,Seth Hernandez,25-08-1967,M,3
11857,614,Isabella Young,02-02-1968,F,3
11858,361,Jordan Coleman,01-01-1993,M,3
11859,631,Blake Garcia,15-08-1977,M,1
11860,343,Nicole Walker,15-01-1975,F,1
11861,71,Katherine Carter,24-08-1985,F,1
11862,616,Olivia Peterson,05-04-1966,F,4
11863,638,Jessica Wood,26-11-1998,F,1
11864,642,Elizabeth Thompson,30-05-1976,F,1
11865,343,Chloe Rivera,19-09-1979,F,1
11866,325,Lucas Scott,31-03-1999,M,1
11867,343,Nathaniel James,13-03-1980,M,4
11868,68,Jessica Peterson,27-05-1972,F,0
11869,71,Kaitlyn Adams,16-07-1962,F,0
11870,612,Jillian Garcia,27-02-1992,F,0
11871,626,Dalton Bennett,16-01-1961,M,0
11872,325,Faith Patterson,03-06-1971,F,0
11873,372,Ryan Zhang,12-02-1991,M,0
11874,385,Adrian Bell,26-04-1963,M,0
11875,51,Jonathan Brown,02-11-1988,M,1
11876,348,Madison White,26-01-1998,F,1
11877,345,Alexis Diaz,27-03-1973,F,1
11878,607,Christine Nara,21-06-1971,F,1
11879,536,Edgar Sai,18-05-1994,M,1
11880,548,Melissa Sanchez,28-06-1973,F,1
11881,326,Richard Mitchell,15-11-1972,M,4
11882,637,Patrick Stewart,31-05-1993,M,4
11883,612,Hannah Anderson,21-07-1962,F,5
11884,607,Latoya Shen,06-11-1960,F,5
11885,302,Kurt Sharma,13-12-1970,M,2
11886,369,Katelyn Parker,22-03-1993,F,3
11887,312,Joseph White,20-05-1995,M,1
11888,49,Aaron Ross,11-03-1988,M,1
11889,633,Blake Patterson,01-03-1977,M,1
11890,299,Whitney Lopez,15-11-1993,F,5
11891,300,Jamie Liang,07-03-1984,F,5
11892,14,Julio Ortega,12-11-1983,M,1
11893,18,Orlando Carlson,15-10-1987,M,2
11894,25,Ann Gonzalez,15-11-1997,F,1
11895,23,Dustin Chander,03-06-1978,M,1
11896,16,Frank Carlson,29-03-1987,M,1
11897,38,Orlando Ashe,03-03-1969,M,2
11898,20,Angela Henderson,07-10-1983,F,4
11899,36,Brenda Perez,02-07-1962,F,4
11900,10,Byron Carlson,30-08-1981,M,2
11901,3,Stacy Alvarez,11-10-1965,F,2
11902,7,Drew Pal,31-07-1976,M,5
11903,21,Kate Raji,27-08-1975,F,1
11904,34,Kaylee Cook,14-01-1995,F,1
11905,31,Isaiah Ramirez,16-09-1978,M,1
11906,20,Gabriella Sanders,14-07-1983,F,5
11907,19,Sarah Garcia,04-06-1975,F,5
11908,38,Rafael Tang,04-01-1970,M,5
11909,26,Nichole She,18-08-1984,F,5
11910,4,Jaclyn Zheng,05-08-1993,F,5
11911,34,Rachael Kapoor,28-02-1963,F,5
11912,27,Rachael Sai,09-09-1973,F,3
11913,37,Rebecca Robinson,20-06-1962,F,3
11914,13,Meagan Rana,07-04-1997,F,0
11915,13,Philip Carlson,14-06-1995,M,0
11916,40,Joe Rana,17-08-1971,M,0
11917,3,Roy Sanz,02-05-1987,M,0
11918,2,Kaylee Hill,26-10-1996,F,3
11919,26,Warren Andersen,31-03-1981,M,4
11920,20,Adrienne Gomez,22-06-1995,F,4
11921,33,Gilbert Zhu,19-02-1986,M,4
11922,69,James Davis,25-02-1971,M,4
11923,343,Sarah Bryant,25-01-1963,F,0
11924,347,Ian Long,04-03-1971,M,0
11925,609,Ashlee Jai,08-04-1971,F,0
11926,546,Eduardo Foster,15-10-1991,M,0
11927,638,Nicole Murphy,16-05-1985,F,0
11928,316,Isabella Morris,15-11-1969,F,0
11929,17,Virginia Gonzalez,09-04-1982,F,2
11930,12,Jaclyn Nara,30-09-1967,F,4
11931,352,Marcus Adams,10-01-1982,M,0
11932,369,Elizabeth Coleman,12-08-1978,F,0
11933,609,Mathew Rubio,01-12-1973,M,0
11934,612,Justin Shan,05-01-1997,M,0
11935,543,Jessica Taylor,03-04-1968,F,0
11936,634,Hunter Clark,23-11-1992,M,0
11937,548,Devin Perez,19-08-1994,M,0
11938,314,Seth Alexander,05-10-1986,M,0
11939,329,Kevin Washington,20-04-1970,M,0
11940,385,Tyler Miller,15-02-1971,M,3
11941,553,Adam Roberts,01-11-1981,M,0
11942,10,George Gonzalez,07-07-1988,M,2
11943,40,Dawn Huang,25-05-1979,F,2
11944,15,Rachael Rodriguez,13-01-1988,F,3
11945,311,Dennis Huang,12-02-1963,M,0
11946,18,Brandy Saunders,03-05-1986,F,3
11947,14,Jenny Zheng,07-05-1979,F,3
11948,17,Tasha Xu,08-06-1986,F,3
11949,374,Julia Brooks,08-05-1992,F,0
11950,312,Jordan Carter,12-03-1977,F,0
11951,35,Lacey Huang,12-01-1981,F,2
11952,34,Dorothy Robinson,20-08-1991,M,2
11953,545,Courtney Wright,07-05-1986,F,0
11954,325,Joseph Garcia,02-08-1982,M,0
11955,325,Gabriel Green,21-04-1997,M,0
11956,300,Alexandria Sandberg,10-01-1986,F,0
11957,634,Courtney Hernandez,28-02-1999,F,0
11958,611,Dylan Lal,06-10-1977,M,0
11959,335,Elizabeth Davis,12-12-1983,F,0
11960,634,Ana Griffin,21-11-1978,F,0
11961,299,Anne Alvarez,16-11-1976,F,0
11962,298,Alexandra Roberts,16-04-1988,F,0
11963,2,Antonio Patterson,22-04-1962,M,2
11964,22,Sharon Salavaria,28-11-1980,M,2
11965,8,Katie She,12-04-1983,F,2
11966,32,Rafael Black,24-03-1962,M,2
11967,25,Latasha Munoz,24-06-1980,F,2
11968,9,Kelsey Becker,24-09-1979,F,0
11969,30,Randy Xu,08-01-1985,M,0
11970,552,Bailey Collins,09-04-1990,F,0
11971,322,Amanda Adams,04-04-1963,F,0
11972,614,Katherine Williams,18-06-1966,F,0
11973,635,Caroline Barnes,18-07-1965,F,0
11974,299,Randy Sun,14-10-1984,M,0
11975,307,Destiny Garcia,03-06-1974,F,0
11976,12,Audrey Ramos,12-06-1960,F,1
11977,10,Bonnie Jai,22-10-1994,F,0
11978,322,Jackson Washington,06-07-1995,M,0
11979,69,Christopher Johnson,09-10-1964,M,2
11980,369,Kimberly Richardson,08-02-1967,F,2
11981,616,Alexandria Howard,09-01-1968,F,2
11982,359,Alexandra Foster,03-05-1990,F,2
11983,298,Cheryl Ortega,11-01-1960,F,3
11984,59,Alex Campbell,17-05-1980,M,2
11985,536,Melanie Hughes,20-09-1979,F,2
11986,34,Max Alvarez,18-08-1989,M,0
11987,38,Diane Vazquez,18-11-1997,F,4
11988,4,Kathryn Chapman,09-04-1976,F,1
11989,24,Kara Anand,31-03-1964,F,1
11990,10,Joanna Vazquez,28-02-1978,F,1
11991,9,Frederick Martinez,02-02-1965,M,1
11992,20,Tonya Chande,27-03-1982,F,1
11993,4,Rosa Wang,17-04-1970,F,1
11994,27,Leah Hu,25-06-1991,F,0
11995,39,Kelvin Carson,07-03-1999,M,1
11996,21,Veronica Srini,08-11-1962,F,1
11997,2,Kristina Kapoor,19-11-1998,F,1
11998,24,Donna Sharma,19-12-1971,F,1
11999,10,Johnny Shan,28-01-1972,M,1
